date,strategy,action,price,bias,note
2014-01-02,main,buy,1.73,-0.0681,主仓轨满仓
2014-07-31,main,sell,1.796,0.0521,偏离>=5.0%
2015-08-24,main,buy,2.591,-0.0433,主仓轨满仓
2016-10-24,main,sell,2.679,0.0613,偏离>=5.0%
2018-03-23,main,buy,2.943,-0.0146,主仓轨满仓
2019-03-05,main,sell,2.884,0.0535,偏离>=5.0%
2019-05-09,main,buy,2.7,-0.011,主仓轨满仓
2019-09-09,main,sell,2.864,0.0506,偏离>=5.0%
2019-11-11,main,buy,2.74,-0.0039,主仓轨满仓
2020-01-02,main,sell,2.934,0.0572,偏离>=5.0%
2020-01-17,main,buy,2.784,-0.0023,主仓轨满仓
2020-08-17,main,sell,2.837,0.068,偏离>=5.0%
2021-01-18,main,buy,2.608,-0.0163,主仓轨满仓
2021-04-19,main,sell,2.802,0.0502,偏离>=5.0%
2021-07-28,main,buy,2.747,-0.0053,主仓轨满仓
2021-08-24,main,sell,2.918,0.0533,偏离>=5.0%
2021-11-02,main,buy,2.798,-0.0123,主仓轨满仓
2022-04-01,main,sell,3.045,0.0548,偏离>=5.0%
2022-04-21,main,buy,2.895,-0.0019,主仓轨满仓
2022-09-06,main,sell,3.082,0.0522,偏离>=5.0%
2022-10-24,main,buy,2.894,-0.0042,主仓轨满仓
2023-04-28,main,sell,3.059,0.0518,偏离>=5.0%
2023-06-20,main,buy,2.925,-0.0029,主仓轨满仓
2023-07-28,main,sell,3.086,0.0503,偏离>=5.0%
2023-10-23,main,buy,2.95,-0.0032,主仓轨满仓
2024-02-22,main,sell,3.17,0.0605,偏离>=5.0%
2024-07-26,main,buy,3.067,-0.0032,主仓轨满仓
2024-09-30,main,sell,3.399,0.1051,偏离>=5.0%
2025-01-13,main,buy,3.124,-0.0057,主仓轨满仓
2025-07-22,main,sell,3.3,0.055,偏离>=5.0%
2025-09-15,main,buy,3.142,-0.0027,主仓轨满仓
2025-11-05,main,sell,3.322,0.0508,偏离>=5.0%
2025-12-11,main,buy,3.155,-0.0045,主仓轨满仓
2026-03-03,main,sell,3.367,0.0643,偏离>=5.0%
2026-05-21,main,buy,3.172,-0.012,主仓轨满仓
2026-08-20,main,sell,3.382,0.0522,偏离>=5.0%
2014-01-02,emergency,buy,1.73,-0.0681,极限轨全投
2014-09-04,emergency,sell,1.856,0.0819,极限轨卖出
2015-08-25,emergency,buy,2.354,-0.1315,极限轨全投
2016-11-14,emergency,sell,2.714,0.0773,极限轨卖出
2018-04-16,emergency,buy,2.842,-0.0511,极限轨全投
2019-04-01,emergency,sell,2.996,0.1002,极限轨卖出
2020-02-03,emergency,buy,2.418,-0.1339,极限轨全投
2020-11-09,emergency,sell,2.861,0.0809,极限轨卖出
2021-01-29,emergency,buy,2.494,-0.0549,极限轨全投
2021-08-26,emergency,sell,2.993,0.0799,极限轨卖出
2022-03-15,emergency,buy,2.671,-0.0716,极限轨全投
2023-05-04,emergency,sell,3.13,0.0759,极限轨卖出
2024-01-23,emergency,buy,2.768,-0.0705,极限轨全投
2024-04-17,emergency,sell,3.277,0.0841,极限轨卖出
2024-09-09,emergency,buy,2.9,-0.0579,极限轨全投
2024-09-30,emergency,sell,3.399,0.1051,极限轨卖出
2025-02-25,emergency,buy,2.975,-0.0565,极限轨全投
2026-08-28,emergency,sell,3.461,0.0753,极限轨卖出
